{
  "model_version": "1.0.0",
  "test_samples": 9000,
  "roc_auc": 0.9987137071788971,
  "confusion_matrix": {
    "true_neg": 4525,
    "false_pos": 51,
    "false_neg": 47,
    "true_pos": 4377
  },
  "classification_report": {
    "legitimate": {
      "precision": 0.9897200349956256,
      "recall": 0.9888548951048951,
      "f1": 0.9892872759073021,
      "support": 4576
    },
    "phishing": {
      "precision": 0.9884823848238482,
      "recall": 0.989376130198915,
      "f1": 0.9889290555806597,
      "support": 4424
    },
    "accuracy": 0.9891111111111112,
    "macro_avg": {
      "precision": 0.9891012099097369,
      "recall": 0.9891155126519051,
      "f1": 0.9891081657439809
    }
  }
}